id;game_name;play_date;players_limit;picture_url;description;status
1;override calculate connect;2020-02-16T04:51:14;91802;Creative;Squares TCP;IN_PROGRESS
2;Bike paradigms Planner;2020-02-16T05:14:48;49553;CSS Sausages;Montana;ENDED
3;open-source;2020-02-16T00:14:29;85916;Berkshire Land sensor;withdrawal;CANCELLED
4;payment Cambridgeshire;2020-02-16T10:43:24;53936;Paradigm navigating;Coordinator;ENDED
5;Organic program;2020-02-16T02:17:35;32502;Intelligent Granite Hat;Manager Rubber New Jersey;ENDED
6;open-source National;2020-02-16T17:27:59;26290;Optional Keyboard Kids;Planner;PENDING
7;composite Avon;2020-02-16T08:07:51;37121;vertical;override Balboa US Dollar;ENDED
8;Macao Fundamental;2020-02-16T12:37:48;7218;Saint Pierre and Miquelon Unbranded Cotton Gloves North Carolina;real-time;IN_PROGRESS
9;Auto Loan Account SAS;2020-02-16T11:29:27;95133;bi-directional;indexing applications virtual;CANCELLED
10;synthesizing;2020-02-16T15:50:44;40371;utilisation Movies;De-engineered copy;CANCELLED
